<?xml version="1.0" encoding="UTF-8" standalone="yes"?>
<PcGts xmlns="http://schema.primaresearch.org/PAGE/gts/pagecontent/2013-07-15" xmlns:xsi="http://www.w3.org/2001/XMLSchema-instance" xsi:schemaLocation="http://schema.primaresearch.org/PAGE/gts/pagecontent/2013-07-15 http://schema.primaresearch.org/PAGE/gts/pagecontent/2013-07-15/pagecontent.xsd">
    <Metadata>
        <Creator>prov=University of Rostock/Institute of Mathematics/CITlab|PLANET AI GmbH/Gundram Leifert/gundram.leifert@planet-ai.de:name=German_Kurrent_XIX_comb-Huber_M2(htr_id=23847)::::v=2.6.7
prov=University of Rostock/Institute of Mathematics/CITlab|PLANET AI GmbH/Tobias Gruening/tobias.gruening@planet-ai.de:name=de.uros.citlab.module.baseline2polygon.B2PSeamMultiOriented:v=2.6.7
prov=University of Rostock/Institute of Mathematics/CITlab|PLANET AI GmbH/Tobias Gruening/tobias.gruening@planet-ai.de:name=/net_tf/LA73_249_0mod360.pb:de.uros.citlab.segmentation.CITlab_LA_ML:v=2.6.6
P2PaLA-PRHLT</Creator>
        <Created>2020-10-11T20:59:24</Created>
        <LastChange>2025-04-29T10:50:10.946+02:00</LastChange>
        <TranskribusMetadata docId="484083" pageId="19966009" pageNr="2" tsid="45361416" status="IN_PROGRESS" userId="58841" imgUrl="https://files.transkribus.eu/Get?id=XIWNLBGMNOSBYNABSVCKDLZB&amp;fileType=view" xmlUrl="https://files.transkribus.eu/Get?id=RWECDKRRZAIZCXTBUYNXRPBD" imageId="347022"/>
    </Metadata>
    <Page imageFilename="484083_0002_19966009.jpg" imageWidth="3188" imageHeight="4946">
        <ReadingOrder>
            <OrderedGroup id="ro_1745916610946" caption="Regions reading order">
                <RegionRefIndexed index="0" regionRef="rr23i_10"/>
                <RegionRefIndexed index="1" regionRef="rOxj7_18"/>
                <RegionRefIndexed index="2" regionRef="ry1BG_9"/>
                <RegionRefIndexed index="3" regionRef="rQOLT_15"/>
                <RegionRefIndexed index="4" regionRef="r8HCc_17"/>
                <RegionRefIndexed index="5" regionRef="rpg10_32"/>
                <RegionRefIndexed index="6" regionRef="r5ygn_36"/>
                <RegionRefIndexed index="7" regionRef="r4I2m_35"/>
                <RegionRefIndexed index="8" regionRef="rj7k4_29"/>
                <RegionRefIndexed index="9" regionRef="rcQKE_25"/>
                <RegionRefIndexed index="10" regionRef="rQTuf_8"/>
                <RegionRefIndexed index="11" regionRef="rfT5z_7"/>
                <RegionRefIndexed index="12" regionRef="rWmFg_6"/>
                <RegionRefIndexed index="13" regionRef="r3atj_34"/>
                <RegionRefIndexed index="14" regionRef="rSVbL_5"/>
                <RegionRefIndexed index="15" regionRef="rRptk_22"/>
                <RegionRefIndexed index="16" regionRef="rHQ5q_31"/>
                <RegionRefIndexed index="17" regionRef="rzYnB_28"/>
                <RegionRefIndexed index="18" regionRef="roXLu_24"/>
                <RegionRefIndexed index="19" regionRef="rQG3b_4"/>
                <RegionRefIndexed index="20" regionRef="rJ0Qo_21"/>
                <RegionRefIndexed index="21" regionRef="rVwd0_33"/>
                <RegionRefIndexed index="22" regionRef="rUGXs_20"/>
                <RegionRefIndexed index="23" regionRef="rHTdi_14"/>
                <RegionRefIndexed index="24" regionRef="rr6AJ_30"/>
                <RegionRefIndexed index="25" regionRef="rEMyH_27"/>
                <RegionRefIndexed index="26" regionRef="regkV_19"/>
                <RegionRefIndexed index="27" regionRef="r31cY_16"/>
                <RegionRefIndexed index="28" regionRef="rqw5V_13"/>
                <RegionRefIndexed index="29" regionRef="ra6K8_26"/>
                <RegionRefIndexed index="30" regionRef="r0TNz_23"/>
                <RegionRefIndexed index="31" regionRef="rEVov_3"/>
                <RegionRefIndexed index="32" regionRef="r3pOx_12"/>
                <RegionRefIndexed index="33" regionRef="rIaxU_2"/>
                <RegionRefIndexed index="34" regionRef="rGAno_11"/>
                <RegionRefIndexed index="35" regionRef="rpGJ0_1"/>
            </OrderedGroup>
        </ReadingOrder>
        <TextRegion orientation="0.0" id="rr23i_10" custom="readingOrder {index:0;} structure {type:heading;}">
            <Coords points="361,396 2407,396 2407,763 361,763"/>
            <TextLine id="rr23i_10l1" custom="readingOrder {index:0;}">
                <Coords points="375,699 2329,712 2397,693 2397,522 2031,572 1748,487 1276,574 794,473 375,535"/>
                <Baseline points="390,626 489,628 589,630 688,630 788,632 888,632 987,632 1087,632 1186,632 1286,630 1386,630 1485,630 1585,630 1684,630 1784,630 1884,630 1983,630 2083,632 2182,632 2282,634 2382,638"/>
                <TextEquiv>
                    <Unicode>Präsid. Verfügungen v. 4. Januar 1897.</Unicode>
                </TextEquiv>
            </TextLine>
            <TextEquiv>
                <Unicode>Präsid. Verfügungen v. 4. Januar 1897.</Unicode>
            </TextEquiv>
        </TextRegion>
        <TextRegion id="rOxj7_18" custom="readingOrder {index:1;} structure {type:page-number;}">
            <Coords points="361,4429 390,4429 390,4491 361,4491"/>
            <TextEquiv>
                <Unicode></Unicode>
            </TextEquiv>
        </TextRegion>
        <TextRegion orientation="0.0" id="ry1BG_9" custom="readingOrder {index:2;} structure {type:Subheading;}">
            <Coords points="373,816 2224,816 2224,1139 373,1139"/>
            <TextLine id="ry1BG_9l1" custom="readingOrder {index:0;}">
                <Coords points="1336,993 1464,996 1504,965 1597,996 1877,965 1942,1002 2001,971 2131,984 2175,977 2175,875 1908,918 1718,909 1678,878 1631,906 1585,875 1501,906 1336,881"/>
                <Baseline points="1352,950 1392,952 1432,952 1473,954 1513,954 1554,954 1594,954 1634,954 1675,953 1715,952 1756,952 1796,952 1836,952 1877,952 1917,952 1958,952 1998,952 2038,952 2079,952 2119,954 2160,954"/>
                <TextEquiv>
                    <Unicode>Anträge v. 30. vor. Mts.</Unicode>
                </TextEquiv>
            </TextLine>
            <TextLine id="ry1BG_9l2" custom="readingOrder {index:1;}">
                <Coords points="375,1013 633,998 692,1021 860,992 919,1012 972,991 974,873 859,884 797,848 710,881 576,876 481,834 378,832"/>
                <Baseline points="392,950 420,952 448,953 476,955 504,956 533,956 561,957 589,958 617,958 645,958 674,958 702,958 730,958 758,960 786,960 815,960 843,960 871,960 899,960 927,962 956,962"/>
                <TextEquiv>
                    <Unicode>Politisches.</Unicode>
                </TextEquiv>
            </TextLine>
            <TextLine id="ry1BG_9l3" custom="readingOrder {index:2;}">
                <Coords points="398,1092 2237,1137 2848,1092 2910,973 397,1021"/>
                <Baseline points="412,1064 536,1064 660,1064 784,1062 908,1062 1033,1062 1157,1062 1281,1062 1405,1060 1529,1060 1654,1060 1778,1060 1902,1058 2026,1058 2150,1058 2275,1058 2399,1058 2523,1058 2647,1058 2771,1058 2896,1058"/>
                <TextEquiv>
                    <Unicode>11. Johann Martin Ankele von Gomaringen, Württemberg, in Bürgerrechtsbewilli¬</Unicode>
                </TextEquiv>
            </TextLine>
            <TextEquiv>
                <Unicode>Anträge v. 30. vor. Mts.Politisches.11. Johann Martin Ankele von Gomaringen, Württemberg, in Bürgerrechtsbewilli¬</Unicode>
            </TextEquiv>
        </TextRegion>
        <TextRegion id="rQOLT_15" custom="readingOrder {index:3;} structure {type:page-number;}">
            <Coords points="369,4641 406,4641 406,4690 369,4690"/>
            <TextEquiv>
                <Unicode></Unicode>
            </TextEquiv>
        </TextRegion>
        <TextRegion id="r8HCc_17" custom="readingOrder {index:4;} structure {type:page-number;}">
            <Coords points="784,4429 904,4429 904,4434 784,4434"/>
            <TextEquiv>
                <Unicode></Unicode>
            </TextEquiv>
        </TextRegion>
        <TextRegion id="rpg10_32" custom="readingOrder {index:5;} structure {type:page-number;}">
            <Coords points="1382,864 1689,864 1689,879 1382,879"/>
            <TextEquiv>
                <Unicode></Unicode>
            </TextEquiv>
        </TextRegion>
        <TextRegion id="r5ygn_36" custom="readingOrder {index:6;} structure {type:paragraph;}">
            <Coords points="1365,874 2000,874 2000,937 1365,937"/>
            <TextEquiv>
                <Unicode></Unicode>
            </TextEquiv>
        </TextRegion>
        <TextRegion orientation="0.0" id="r4I2m_35" custom="readingOrder {index:7;} structure {type:paragraph;}">
            <Coords points="327,951 2440,951 2440,2439 327,2439"/>
            <TextLine id="r4I2m_35l1" custom="readingOrder {index:0;}">
                <Coords points="1647,1168 1756,1215 1784,1196 1833,1234 1889,1184 1930,1175 2014,1209 2129,1194 2129,1119 2054,1116 2036,1132 2014,1110 1967,1116 1945,1100 1902,1128 1815,1084 1759,1112 1713,1094 1647,1109"/>
                <Baseline points="1664,1156 1690,1159 1716,1161 1743,1162 1769,1162 1795,1162 1822,1162 1848,1162 1874,1162 1901,1161 1927,1160 1953,1160 1980,1160 2006,1160 2032,1160 2059,1161 2085,1162 2112,1164"/>
                <TextEquiv>
                    <Unicode>Schaffhausen;</Unicode>
                </TextEquiv>
            </TextLine>
            <TextLine id="r4I2m_35l2" custom="readingOrder {index:1;}">
                <Coords points="404,1313 2292,1312 2292,1225 2215,1206 960,1218 813,1141 668,1225 404,1217"/>
                <Baseline points="420,1270 512,1270 605,1270 698,1270 791,1270 884,1270 976,1270 1069,1268 1162,1268 1255,1268 1348,1266 1440,1266 1533,1266 1626,1264 1719,1264 1812,1264 1904,1266 1997,1266 2090,1268 2183,1269 2276,1270"/>
                <TextEquiv>
                    <Unicode>2. Johann Bär aus Frankreich, in Bremgarten, Aargau;</Unicode>
                </TextEquiv>
            </TextLine>
            <TextLine id="r4I2m_35l3" custom="readingOrder {index:2;}">
                <Coords points="397,1419 2028,1403 2028,1326 1956,1307 1524,1280 1292,1327 984,1275 397,1310"/>
                <Baseline points="412,1372 492,1372 572,1374 652,1374 732,1374 812,1374 892,1372 972,1372 1052,1371 1132,1370 1212,1368 1292,1368 1372,1368 1452,1368 1532,1366 1612,1368 1692,1368 1772,1370 1852,1372 1932,1375 2012,1378"/>
                <TextEquiv>
                    <Unicode>3. Josef Chartes Basels aus Frankreich, in Genf;</Unicode>
                </TextEquiv>
            </TextLine>
            <TextLine id="r4I2m_35l4" custom="readingOrder {index:3;}">
                <Coords points="390,1515 1937,1535 2378,1501 2378,1401 390,1425"/>
                <Baseline points="406,1478 503,1478 601,1478 699,1478 797,1478 895,1478 993,1476 1091,1476 1189,1476 1287,1476 1385,1476 1482,1476 1580,1476 1678,1476 1776,1476 1874,1476 1972,1476 2070,1476 2168,1476 2266,1476 2364,1476"/>
                <TextEquiv>
                    <Unicode>/4. Francesco Domenico Gagllardt von Glüffa, Ital, in Verner,</Unicode>
                </TextEquiv>
            </TextLine>
            <TextLine id="r4I2m_35l5" custom="readingOrder {index:4;}">
                <Coords points="2162,1544 2181,1545 2211,1566 2230,1561 2261,1566 2274,1554 2292,1565 2348,1565 2353,1491 2331,1493 2316,1482 2287,1499 2269,1485 2240,1499 2229,1486 2167,1482"/>
                <Baseline points="2180,1526 2205,1528 2231,1529 2257,1530 2282,1531 2308,1533 2334,1540"/>
                <TextEquiv>
                    <Unicode>Genf;</Unicode>
                </TextEquiv>
            </TextLine>
            <TextLine id="r4I2m_35l6" custom="readingOrder {index:5;}">
                <Coords points="404,1601 2190,1619 2190,1544 2056,1498 1243,1557 1072,1490 687,1547 404,1511"/>
                <Baseline points="420,1582 507,1582 595,1582 683,1582 771,1580 859,1580 946,1580 1034,1580 1122,1578 1210,1578 1298,1578 1385,1578 1473,1576 1561,1576 1649,1576 1737,1576 1824,1576 1912,1576 2000,1576 2088,1576 2176,1578"/>
                <TextEquiv>
                    <Unicode>5. Johann Friedrich Seitz von Warth, Württ. in Zürich,</Unicode>
                </TextEquiv>
            </TextLine>
            <TextLine id="r4I2m_35l7" custom="readingOrder {index:6;}">
                <Coords points="388,1701 2389,1725 2388,1632 2161,1614 1081,1655 785,1588 714,1653 388,1648"/>
                <Baseline points="402,1686 500,1686 599,1686 697,1684 796,1684 895,1684 993,1684 1092,1682 1190,1682 1289,1682 1388,1682 1486,1680 1585,1680 1683,1680 1782,1680 1881,1680 1979,1680 2078,1680 2176,1680 2275,1680 2374,1680"/>
                <TextEquiv>
                    <Unicode>16. Jacques Nebbia von Castello d Annone, Italien, in Versois;</Unicode>
                </TextEquiv>
            </TextLine>
            <TextLine id="r4I2m_35l8" custom="readingOrder {index:7;}">
                <Coords points="2268,1738 2283,1740 2302,1735 2311,1743 2317,1740 2320,1744 2333,1736 2355,1738 2360,1695 2310,1686 2307,1689 2273,1689"/>
                <Baseline points="2284,1722 2313,1725 2342,1728"/>
                <TextEquiv>
                    <Unicode>u.</Unicode>
                </TextEquiv>
            </TextLine>
            <TextLine id="r4I2m_35l9" custom="readingOrder {index:8;}">
                <Coords points="390,1865 567,1802 949,1851 2381,1804 2380,1730 1939,1707 389,1722"/>
                <Baseline points="406,1790 503,1790 601,1790 699,1788 797,1788 895,1788 993,1788 1091,1786 1189,1786 1287,1786 1385,1784 1482,1784 1580,1784 1678,1784 1776,1783 1874,1782 1972,1782 2070,1782 2168,1784 2266,1784 2364,1784"/>
                <TextEquiv>
                    <Unicode>/7. François Joseph Rambosson aus Frankreich, in Carouge,</Unicode>
                </TextEquiv>
            </TextLine>
            <TextLine id="r4I2m_35l10" custom="readingOrder {index:9;}">
                <Coords points="627,1942 2385,1936 2428,1830 627,1848"/>
                <Baseline points="642,1892 730,1892 819,1892 907,1890 996,1890 1084,1890 1173,1890 1261,1890 1350,1890 1438,1890 1527,1890 1615,1890 1704,1890 1792,1892 1881,1892 1969,1892 2058,1892 2146,1892 2235,1892 2323,1890 2412,1890"/>
                <TextEquiv>
                    <Unicode>erhalten die Bewilligŭng zŭm Erwerb eines schweizer.</Unicode>
                </TextEquiv>
            </TextLine>
            <TextLine id="r4I2m_35l11" custom="readingOrder {index:10;}">
                <Coords points="398,2033 1317,2003 1529,2046 1665,2008 1665,1909 1491,1956 398,1940"/>
                <Baseline points="414,1998 475,1998 537,1998 599,1996 661,1996 723,1996 784,1996 846,1994 908,1994 970,1994 1032,1994 1093,1994 1155,1994 1217,1994 1279,1994 1341,1994 1402,1994 1464,1992 1526,1992 1588,1992 1650,1990"/>
                <TextEquiv>
                    <Unicode>Kantons- und Gemeindebürgerrechts.</Unicode>
                </TextEquiv>
            </TextLine>
            <TextLine id="r4I2m_35l12" custom="readingOrder {index:11;}">
                <Coords points="629,2152 666,2158 728,2117 859,2157 918,2128 955,2150 1035,2109 1272,2132 1309,2123 1309,2073 1128,2024 796,2061 774,2042 728,2077 669,2049 628,2059"/>
                <Baseline points="644,2098 676,2098 708,2099 741,2100 773,2100 806,2100 838,2100 870,2100 903,2100 935,2099 968,2098 1000,2098 1032,2098 1065,2098 1097,2098 1130,2097 1162,2096 1194,2096 1227,2096 1259,2096 1292,2096"/>
                <TextEquiv>
                    <Unicode>An die Petenten.</Unicode>
                </TextEquiv>
            </TextLine>
            <TextLine id="r4I2m_35l13" custom="readingOrder {index:12;}">
                <Coords points="613,2232 896,2219 1154,2259 1343,2218 1437,2249 1493,2212 1567,2249 1626,2230 1626,2149 1511,2137 1468,2168 1228,2116 1163,2156 1023,2126 930,2172 747,2120 613,2173"/>
                <Baseline points="628,2202 677,2202 726,2204 775,2204 824,2204 874,2204 923,2204 972,2204 1021,2202 1070,2202 1120,2202 1169,2201 1218,2200 1267,2200 1316,2200 1366,2200 1415,2200 1464,2202 1513,2202 1562,2204 1612,2206"/>
                <TextEquiv>
                    <Unicode>Ad 1) An Schaffhausen z. R.</Unicode>
                </TextEquiv>
            </TextLine>
            <TextLine id="r4I2m_35l14" custom="readingOrder {index:13;}">
                <Coords points="639,2354 863,2316 1260,2372 1366,2319 1885,2365 2080,2315 2080,2244 639,2255"/>
                <Baseline points="656,2308 726,2308 797,2308 867,2306 938,2306 1008,2306 1079,2306 1149,2306 1220,2306 1290,2306 1361,2306 1431,2306 1502,2306 1572,2306 1643,2306 1713,2306 1784,2306 1854,2306 1925,2306 1995,2306 2066,2306"/>
                <TextEquiv>
                    <Unicode>Prot. Auszug aus polit. Departement z. K.</Unicode>
                </TextEquiv>
            </TextLine>
            <TextEquiv>
                <Unicode>Schaffhausen;2. Johann Bär aus Frankreich, in Bremgarten, Aargau;3. Josef Chartes Basels aus Frankreich, in Genf;/4. Francesco Domenico Gagllardt von Glüffa, Ital, in Verner,Genf;5. Johann Friedrich Seitz von Warth, Württ. in Zürich,16. Jacques Nebbia von Castello d Annone, Italien, in Versois;u./7. François Joseph Rambosson aus Frankreich, in Carouge,erhalten die Bewilligŭng zŭm Erwerb eines schweizer.Kantons- und Gemeindebürgerrechts.An die Petenten.Ad 1) An Schaffhausen z. R.Prot. Auszug aus polit. Departement z. K.</Unicode>
            </TextEquiv>
        </TextRegion>
        <TextRegion id="rj7k4_29" custom="readingOrder {index:8;} structure {type:page-number;}">
            <Coords points="1747,966 1822,966 1822,985 1747,985"/>
            <TextEquiv>
                <Unicode></Unicode>
            </TextEquiv>
        </TextRegion>
        <TextRegion id="rcQKE_25" custom="readingOrder {index:9;} structure {type:page-number;}">
            <Coords points="1299,2332 1834,2332 1834,2386 1299,2386"/>
            <TextEquiv>
                <Unicode></Unicode>
            </TextEquiv>
        </TextRegion>
        <TextRegion id="rQTuf_8" custom="readingOrder {index:10;} structure {type:Subheading;}">
            <Coords points="1797,2226 2058,2226 2058,2395 1797,2395"/>
            <TextEquiv>
                <Unicode></Unicode>
            </TextEquiv>
        </TextRegion>
        <TextRegion id="rfT5z_7" custom="readingOrder {index:11;} structure {type:Subheading;}">
            <Coords points="1797,2405 1926,2405 1926,2434 1797,2434"/>
            <TextEquiv>
                <Unicode></Unicode>
            </TextEquiv>
        </TextRegion>
        <TextRegion orientation="0.0" id="rWmFg_6" custom="readingOrder {index:12;} structure {type:Subheading;}">
            <Coords points="361,2477 2283,2477 2283,2724 361,2724"/>
            <TextLine id="rWmFg_6l1" custom="readingOrder {index:0;}">
                <Coords points="1408,2633 1532,2673 1659,2630 1740,2659 1951,2628 2007,2656 2296,2642 2296,2567 2247,2545 2088,2579 1793,2547 1675,2590 1408,2549"/>
                <Baseline points="1422,2612 1464,2614 1507,2616 1550,2616 1593,2618 1636,2618 1679,2618 1722,2618 1765,2618 1808,2618 1851,2618 1893,2618 1936,2618 1979,2618 2022,2618 2065,2618 2108,2618 2151,2618 2194,2618 2237,2618 2280,2618"/>
                <TextEquiv>
                    <Unicode>R. Antrag v. 29. vor. Mts.</Unicode>
                </TextEquiv>
            </TextLine>
            <TextLine id="rWmFg_6l2" custom="readingOrder {index:1;}">
                <Coords points="376,2643 951,2629 951,2580 914,2579 846,2525 772,2521 690,2576 638,2538 604,2556 518,2496 378,2494"/>
                <Baseline points="392,2614 419,2616 446,2619 473,2620 500,2620 528,2620 555,2622 582,2622 609,2622 636,2622 664,2622 691,2622 718,2622 745,2622 772,2622 800,2622 827,2622 854,2624 881,2625 908,2626 936,2628"/>
                <TextEquiv>
                    <Unicode>Politisches.</Unicode>
                </TextEquiv>
            </TextLine>
            <TextLine id="rWmFg_6l3" custom="readingOrder {index:2;}">
                <Coords points="629,2770 2918,2760 2918,2592 2725,2686 629,2640"/>
                <Baseline points="644,2726 757,2724 870,2724 983,2722 1096,2722 1209,2720 1322,2720 1435,2720 1548,2720 1661,2720 1774,2720 1887,2720 2000,2720 2113,2720 2226,2722 2339,2722 2452,2722 2565,2722 2678,2722 2791,2722 2904,2722"/>
                <TextEquiv>
                    <Unicode>Das Sekretariat der „Dicta de la Republica Mayor de Aufhebung der Kost</Unicode>
                </TextEquiv>
            </TextLine>
            <TextEquiv>
                <Unicode>R. Antrag v. 29. vor. Mts.Politisches.Das Sekretariat der „Dicta de la Republica Mayor de Aufhebung der Kost</Unicode>
            </TextEquiv>
        </TextRegion>
        <TextRegion orientation="0.0" id="r3atj_34" custom="readingOrder {index:13;} structure {type:paragraph;}">
            <Coords points="319,2627 2457,2627 2457,4182 319,4182"/>
            <TextLine id="r3atj_34l1" custom="readingOrder {index:0;}">
                <Coords points="397,2899 2896,2812 2790,2733 395,2756"/>
                <Baseline points="412,2832 535,2830 659,2828 782,2828 906,2828 1029,2826 1153,2826 1276,2826 1400,2826 1523,2826 1647,2826 1770,2824 1894,2824 2017,2822 2141,2819 2264,2816 2388,2813 2511,2807 2635,2800 2758,2793 2882,2784"/>
                <TextEquiv>
                    <Unicode>entro America teilt mit, daβ diese Behörde infolge der Ver-ssulate v. Konduras</Unicode>
                </TextEquiv>
            </TextLine>
            <TextLine id="r3atj_34l2" custom="readingOrder {index:1;}">
                <Coords points="398,2963 2796,2994 2737,2873 398,2879"/>
                <Baseline points="414,2936 532,2934 650,2932 768,2932 887,2930 1005,2930 1123,2930 1242,2928 1360,2928 1478,2928 1597,2928 1715,2928 1833,2928 1951,2928 2070,2928 2188,2928 2306,2930 2425,2930 2543,2930 2661,2930 2780,2932"/>
                <TextEquiv>
                    <Unicode>seinigung der drei zentralamerikanischen Republiken Honduras, Salvador.</Unicode>
                </TextEquiv>
            </TextLine>
            <TextLine id="r3atj_34l3" custom="readingOrder {index:2;}">
                <Coords points="389,3062 2340,3054 2339,2983 2144,2949 389,3012"/>
                <Baseline points="404,3038 500,3038 596,3037 692,3036 788,3036 884,3036 980,3034 1076,3034 1172,3034 1268,3034 1364,3034 1460,3032 1556,3032 1652,3032 1748,3032 1844,3032 1940,3033 2036,3034 2132,3034 2228,3034 2324,3036"/>
                <TextEquiv>
                    <Unicode>NVicaragua und Salvador beschlossen habe, die den bei der Schweiz</Unicode>
                </TextEquiv>
            </TextLine>
            <TextLine id="r3atj_34l4" custom="readingOrder {index:3;}">
                <Coords points="390,3171 1865,3148 1999,3201 2309,3169 2390,3082 389,3062"/>
                <Baseline points="404,3140 502,3140 601,3140 699,3140 798,3140 897,3140 995,3138 1094,3138 1192,3138 1291,3138 1390,3138 1488,3138 1587,3138 1685,3138 1784,3138 1883,3136 1981,3136 2080,3136 2178,3136 2277,3136 2376,3136"/>
                <TextEquiv>
                    <Unicode>sakkreditierten Konsuln dieser Staaten erteilten Brevets zurück¬</Unicode>
                </TextEquiv>
            </TextLine>
            <TextLine id="r3atj_34l5" custom="readingOrder {index:4;}">
                <Coords points="395,3294 2379,3287 2404,3200 394,3201"/>
                <Baseline points="410,3250 509,3248 608,3246 707,3244 806,3242 905,3242 1004,3241 1103,3240 1202,3240 1301,3240 1400,3240 1499,3240 1598,3240 1697,3240 1796,3240 1895,3240 1994,3240 2093,3240 2192,3240 2291,3238 2390,3238"/>
                <TextEquiv>
                    <Unicode>zzuziehen. Es werden deshalb die Herren Edgard Lebert, bisher Konf</Unicode>
                </TextEquiv>
            </TextLine>
            <TextLine id="r3atj_34l6" custom="readingOrder {index:5;}">
                <Coords points="400,3403 2102,3352 2242,3402 2413,3367 2413,3280 400,3298"/>
                <Baseline points="414,3350 513,3348 612,3348 711,3346 810,3346 910,3346 1009,3346 1108,3344 1207,3344 1306,3344 1406,3344 1505,3344 1604,3344 1703,3344 1802,3344 1902,3344 2001,3344 2100,3344 2199,3344 2298,3342 2398,3342"/>
                <TextEquiv>
                    <Unicode>shul von Honduras und Nicaragua in Basel, Benjamin Haas, bis</Unicode>
                </TextEquiv>
            </TextLine>
            <TextLine id="r3atj_34l7" custom="readingOrder {index:6;}">
                <Coords points="383,3499 2213,3502 2349,3420 1395,3356 383,3422"/>
                <Baseline points="398,3460 494,3456 591,3454 688,3452 785,3450 882,3448 978,3448 1075,3448 1172,3446 1269,3446 1366,3446 1462,3446 1559,3446 1656,3447 1753,3448 1850,3448 1946,3448 2043,3448 2140,3448 2237,3446 2334,3446"/>
                <TextEquiv>
                    <Unicode>scher Konsul, und Nathan Haas, bisher Vizekonsul von Salvador</Unicode>
                </TextEquiv>
            </TextLine>
            <TextLine id="r3atj_34l8" custom="readingOrder {index:7;}">
                <Coords points="385,3562 649,3620 2335,3583 2301,3505 1779,3526 1565,3458 385,3531"/>
                <Baseline points="400,3560 496,3558 592,3557 688,3556 784,3556 880,3554 976,3554 1072,3554 1168,3554 1264,3554 1360,3554 1456,3553 1552,3552 1648,3552 1744,3552 1840,3552 1936,3552 2032,3552 2128,3552 2224,3552 2320,3552"/>
                <TextEquiv>
                    <Unicode>in Genf, aus der Liste der ausländischen Konsuln in der</Unicode>
                </TextEquiv>
            </TextLine>
            <TextLine id="r3atj_34l9" custom="readingOrder {index:8;}">
                <Coords points="403,3712 555,3680 598,3710 701,3722 837,3674 1043,3716 1042,3620 924,3633 747,3588 669,3617 604,3589 548,3630 448,3587 402,3603"/>
                <Baseline points="418,3662 448,3662 479,3662 509,3662 540,3662 570,3662 601,3662 631,3662 662,3662 692,3662 723,3660 753,3660 784,3660 814,3660 845,3660 875,3659 906,3658 936,3658 967,3658 997,3658 1028,3660"/>
                <TextEquiv>
                    <Unicode>Schweiz gestrichen.</Unicode>
                </TextEquiv>
            </TextLine>
            <TextLine id="r3atj_34l10" custom="readingOrder {index:9;}">
                <Coords points="625,3805 700,3774 796,3805 839,3774 1088,3774 1225,3814 1358,3786 1498,3817 1656,3792 1656,3702 1411,3718 1355,3678 1299,3709 1172,3674 1023,3712 625,3703"/>
                <Baseline points="642,3764 691,3763 741,3762 791,3762 841,3760 891,3760 941,3760 991,3760 1041,3760 1091,3760 1141,3760 1190,3760 1240,3760 1290,3760 1340,3760 1390,3762 1440,3762 1490,3762 1540,3762 1590,3762 1640,3760"/>
                <TextEquiv>
                    <Unicode>An Baselstadt und Genf z. R.</Unicode>
                </TextEquiv>
            </TextLine>
            <TextLine id="r3atj_34l11" custom="readingOrder {index:10;}">
                <Coords points="601,3901 2294,3916 2449,3879 2449,3810 601,3827"/>
                <Baseline points="618,3870 708,3868 799,3866 890,3866 981,3866 1072,3866 1162,3864 1253,3864 1344,3864 1435,3864 1526,3866 1616,3866 1707,3866 1798,3866 1889,3866 1980,3866 2070,3866 2161,3866 2252,3866 2343,3866 2434,3864"/>
                <TextEquiv>
                    <Unicode>An die Dieta der Republica Mayor in Pan Palvador z. R.</Unicode>
                </TextEquiv>
            </TextLine>
            <TextLine id="r3atj_34l12" custom="readingOrder {index:11;}">
                <Coords points="618,4033 677,4008 807,4010 835,3985 975,4018 1071,3998 1143,4013 1233,3984 1232,3913 1189,3923 1167,3904 1111,3936 1049,3914 956,3934 878,3885 838,3907 660,3893 617,3918"/>
                <Baseline points="634,3978 663,3976 692,3976 721,3974 750,3974 779,3974 808,3972 837,3972 866,3972 895,3972 925,3971 954,3970 983,3970 1012,3970 1041,3970 1070,3970 1099,3970 1128,3972 1157,3972 1186,3972 1216,3974"/>
                <TextEquiv>
                    <Unicode>Ins Bundesblatt.</Unicode>
                </TextEquiv>
            </TextLine>
            <TextLine id="r3atj_34l13" custom="readingOrder {index:12;}">
                <Coords points="636,4146 1145,4080 1773,4144 2102,4107 2130,4017 1049,3987 636,4034"/>
                <Baseline points="652,4076 725,4076 798,4076 871,4074 944,4074 1017,4074 1090,4074 1163,4074 1236,4074 1309,4073 1383,4072 1456,4072 1529,4072 1602,4072 1675,4072 1748,4072 1821,4072 1894,4074 1967,4074 2040,4075 2114,4076"/>
                <TextEquiv>
                    <Unicode>Prot. Auszug aus polit. Departement z. K.</Unicode>
                </TextEquiv>
            </TextLine>
            <TextEquiv>
                <Unicode>entro America teilt mit, daβ diese Behörde infolge der Ver-ssulate v. Kondurasseinigung der drei zentralamerikanischen Republiken Honduras, Salvador.NVicaragua und Salvador beschlossen habe, die den bei der Schweizsakkreditierten Konsuln dieser Staaten erteilten Brevets zurück¬zzuziehen. Es werden deshalb die Herren Edgard Lebert, bisher Konfshul von Honduras und Nicaragua in Basel, Benjamin Haas, bisscher Konsul, und Nathan Haas, bisher Vizekonsul von Salvadorin Genf, aus der Liste der ausländischen Konsuln in derSchweiz gestrichen.An Baselstadt und Genf z. R.An die Dieta der Republica Mayor in Pan Palvador z. R.Ins Bundesblatt.Prot. Auszug aus polit. Departement z. K.</Unicode>
            </TextEquiv>
        </TextRegion>
        <TextRegion orientation="0.0" id="rSVbL_5" custom="readingOrder {index:14;} structure {type:Subheading;}">
            <Coords points="361,4235 1170,4235 1170,4462 361,4462"/>
            <TextLine id="rSVbL_5l1" custom="readingOrder {index:0;}">
                <Coords points="369,4402 918,4398 980,4366 980,4314 881,4327 818,4287 688,4319 585,4279 367,4250"/>
                <Baseline points="384,4386 413,4386 442,4388 471,4388 500,4388 529,4388 558,4388 587,4388 616,4388 645,4387 675,4386 704,4386 733,4386 762,4386 791,4386 820,4385 849,4384 878,4384 907,4384 936,4384 966,4384"/>
                <TextEquiv>
                    <Unicode>Politisches</Unicode>
                </TextEquiv>
            </TextLine>
            <TextEquiv>
                <Unicode>Politisches</Unicode>
            </TextEquiv>
        </TextRegion>
        <TextRegion id="rRptk_22" custom="readingOrder {index:15;} structure {type:page-number;}">
            <Coords points="1166,4120 1851,4120 1851,4153 1166,4153"/>
            <TextEquiv>
                <Unicode></Unicode>
            </TextEquiv>
        </TextRegion>
        <TextRegion id="rHQ5q_31" custom="readingOrder {index:16;} structure {type:page-number;}">
            <Coords points="1697,864 2108,864 2108,888 1697,888"/>
            <TextEquiv>
                <Unicode></Unicode>
            </TextEquiv>
        </TextRegion>
        <TextRegion id="rzYnB_28" custom="readingOrder {index:17;} structure {type:page-number;}">
            <Coords points="1872,970 2150,970 2150,985 1872,985"/>
            <TextEquiv>
                <Unicode></Unicode>
            </TextEquiv>
        </TextRegion>
        <TextRegion id="roXLu_24" custom="readingOrder {index:18;} structure {type:page-number;}">
            <Coords points="1432,2622 2391,2622 2391,2753 1432,2753"/>
            <TextEquiv>
                <Unicode></Unicode>
            </TextEquiv>
        </TextRegion>
        <TextRegion orientation="0.0" id="rQG3b_4" custom="readingOrder {index:19;} structure {type:Subheading;}">
            <Coords points="1266,4260 2191,4260 2191,4390 1266,4390"/>
            <TextLine id="rQG3b_4l1" custom="readingOrder {index:0;}">
                <Coords points="1373,4413 1419,4444 1500,4410 1717,4441 1963,4411 2044,4433 2128,4389 2171,4399 2171,4299 2041,4287 1957,4355 1780,4305 1714,4330 1519,4298 1466,4326 1373,4310"/>
                <Baseline points="1388,4376 1426,4378 1464,4378 1503,4378 1541,4378 1580,4380 1618,4380 1656,4380 1695,4380 1733,4380 1772,4380 1810,4378 1848,4378 1887,4378 1925,4378 1964,4378 2002,4378 2040,4380 2079,4380 2117,4380 2156,4380"/>
                <TextEquiv>
                    <Unicode>Antrag v. 30. vor. Mts.</Unicode>
                </TextEquiv>
            </TextLine>
            <TextEquiv>
                <Unicode>Antrag v. 30. vor. Mts.</Unicode>
            </TextEquiv>
        </TextRegion>
        <TextRegion id="rJ0Qo_21" custom="readingOrder {index:20;} structure {type:page-number;}">
            <Coords points="1506,4303 1614,4303 1614,4308 1506,4308"/>
            <TextEquiv>
                <Unicode></Unicode>
            </TextEquiv>
        </TextRegion>
        <TextRegion orientation="0.0" id="rVwd0_33" custom="readingOrder {index:21;} structure {type:paragraph;}">
            <Coords points="361,4322 2332,4322 2332,4694 361,4694"/>
            <TextLine id="rVwd0_33l1" custom="readingOrder {index:0;}">
                <Coords points="617,4514 2279,4525 2279,4447 2093,4413 1279,4450 983,4352 617,4403"/>
                <Baseline points="632,4490 713,4488 795,4488 876,4488 958,4488 1040,4486 1121,4486 1203,4486 1284,4486 1366,4486 1448,4484 1529,4484 1611,4484 1692,4484 1774,4484 1856,4484 1937,4484 2019,4484 2100,4484 2182,4484 2264,4484"/>
                <TextEquiv>
                    <Unicode>Christian Doese von Amelgatzen, Preußen, in</Unicode>
                </TextEquiv>
            </TextLine>
            <TextLine id="rVwd0_33l2" custom="readingOrder {index:1;}">
                <Coords points="380,4654 1936,4598 2228,4652 2349,4608 2349,4542 379,4557"/>
                <Baseline points="396,4602 492,4600 589,4600 686,4598 783,4598 880,4596 976,4596 1073,4594 1170,4593 1267,4592 1364,4590 1460,4590 1557,4590 1654,4588 1751,4588 1848,4588 1944,4588 2041,4588 2138,4588 2235,4588 2332,4590"/>
                <TextEquiv>
                    <Unicode>(Locle, dem ŭnterm 4. Oktober 1895 die Bewilligŭng zŭr Ein¬</Unicode>
                </TextEquiv>
            </TextLine>
            <TextEquiv>
                <Unicode>Christian Doese von Amelgatzen, Preußen, in(Locle, dem ŭnterm 4. Oktober 1895 die Bewilligŭng zŭr Ein¬</Unicode>
            </TextEquiv>
        </TextRegion>
        <TextRegion id="rUGXs_20" custom="readingOrder {index:22;} structure {type:page-number;}">
            <Coords points="1996,4380 2092,4380 2092,4400 1996,4400"/>
            <TextEquiv>
                <Unicode></Unicode>
            </TextEquiv>
        </TextRegion>
        <TextRegion id="rHTdi_14" custom="readingOrder {index:23;} structure {type:page-number;}">
            <Coords points="983,4651 2154,4651 2154,4675 983,4675"/>
            <TextEquiv>
                <Unicode></Unicode>
            </TextEquiv>
        </TextRegion>
        <TextRegion id="rr6AJ_30" custom="readingOrder {index:24;} structure {type:page-number;}">
            <Coords points="2262,951 2391,951 2391,1019 2262,1019"/>
            <TextEquiv>
                <Unicode></Unicode>
            </TextEquiv>
        </TextRegion>
        <TextRegion id="rEMyH_27" custom="readingOrder {index:25;} structure {type:page-number;}">
            <Coords points="2295,1048 2391,1048 2391,1207 2295,1207"/>
            <TextEquiv>
                <Unicode></Unicode>
            </TextEquiv>
        </TextRegion>
        <TextRegion id="regkV_19" custom="readingOrder {index:26;} structure {type:page-number;}">
            <Coords points="2295,4380 2357,4380 2357,4569 2295,4569"/>
            <TextEquiv>
                <Unicode></Unicode>
            </TextEquiv>
        </TextRegion>
        <TextRegion id="r31cY_16" custom="readingOrder {index:27;} structure {type:page-number;}">
            <Coords points="2162,4588 2391,4588 2391,4685 2162,4685"/>
            <TextEquiv>
                <Unicode></Unicode>
            </TextEquiv>
        </TextRegion>
        <TextRegion orientation="0.0" id="rqw5V_13" custom="readingOrder {index:28;} structure {type:marginalia;}">
            <Coords points="2303,961 2914,961 2914,1168 2303,1168"/>
            <TextLine id="rqw5V_13l1" custom="readingOrder {index:0;}">
                <Coords points="2409,1184 2443,1187 2498,1161 2551,1153 2591,1156 2613,1171 2660,1157 2713,1175 2711,1078 2680,1092 2667,1079 2630,1086 2552,1063 2531,1082 2493,1061 2441,1094 2428,1081 2407,1085"/>
                <Baseline points="2424,1128 2451,1123 2478,1119 2505,1116 2532,1114 2560,1114 2587,1114 2614,1116 2641,1117 2668,1118 2696,1118"/>
                <TextEquiv>
                    <Unicode>gungen.</Unicode>
                </TextEquiv>
            </TextLine>
            <TextEquiv>
                <Unicode>gungen.</Unicode>
            </TextEquiv>
        </TextRegion>
        <TextRegion id="ra6K8_26" custom="readingOrder {index:29;} structure {type:page-number;}">
            <Coords points="2395,1362 2415,1362 2415,1545 2395,1545"/>
            <TextEquiv>
                <Unicode></Unicode>
            </TextEquiv>
        </TextRegion>
        <TextRegion id="r0TNz_23" custom="readingOrder {index:30;} structure {type:page-number;}">
            <Coords points="2370,2922 2432,2922 2432,3004 2370,3004"/>
            <TextEquiv>
                <Unicode></Unicode>
            </TextEquiv>
        </TextRegion>
        <TextRegion id="rEVov_3" custom="readingOrder {index:31;} structure {type:Beschlussnummer;}">
            <Coords points="2652,1173 2714,1173 2714,1226 2652,1226"/>
            <TextEquiv>
                <Unicode></Unicode>
            </TextEquiv>
        </TextRegion>
        <TextRegion orientation="0.0" id="r3pOx_12" custom="readingOrder {index:32;} structure {type:marginalia;}">
            <Coords points="2295,2632 2963,2632 2963,2984 2295,2984"/>
            <TextLine id="r3pOx_12l1" custom="readingOrder {index:0;}">
                <Coords points="2380,2908 2433,2913 2479,2878 2579,2899 2638,2873 2768,2875 2809,2899 2837,2889 2836,2812 2783,2819 2717,2801 2668,2833 2646,2817 2550,2815 2494,2841 2441,2811 2379,2839"/>
                <Baseline points="2394,2866 2419,2866 2444,2866 2469,2866 2494,2866 2519,2866 2544,2866 2569,2864 2594,2864 2619,2864 2644,2864 2669,2863 2694,2862 2719,2862 2744,2862 2769,2862 2794,2862 2820,2862"/>
                <TextEquiv>
                    <Unicode>NVicaragua und</Unicode>
                </TextEquiv>
            </TextLine>
            <TextEquiv>
                <Unicode>NVicaragua und</Unicode>
            </TextEquiv>
        </TextRegion>
        <TextRegion orientation="0.0" id="rIaxU_2" custom="readingOrder {index:33;} structure {type:Beschlussnummer;}">
            <Coords points="2611,2960 2731,2960 2731,3071 2611,3071"/>
            <TextLine id="rIaxU_2l1" custom="readingOrder {index:0;}">
                <Coords points="2611,3084 2629,3086 2669,3057 2687,3054 2697,3063 2725,3059 2722,2963 2700,2963 2691,2970 2685,2964 2657,2964 2638,2971 2607,2972"/>
                <Baseline points="2624,3046 2652,3043 2680,3044 2708,3042"/>
                <TextEquiv>
                    <Unicode>2</Unicode>
                </TextEquiv>
            </TextLine>
            <TextEquiv>
                <Unicode>2</Unicode>
            </TextEquiv>
        </TextRegion>
        <TextRegion orientation="0.0" id="rGAno_11" custom="readingOrder {index:34;} structure {type:marginalia;}">
            <Coords points="2337,4361 2955,4361 2955,4656 2337,4656"/>
            <TextLine id="rGAno_11l1" custom="readingOrder {index:0;}">
                <Coords points="2372,4476 2440,4514 2490,4490 2732,4513 2776,4486 2856,4521 2903,4506 2904,4328 2873,4328 2801,4387 2736,4355 2677,4389 2559,4372 2462,4406 2373,4343"/>
                <Baseline points="2386,4476 2411,4476 2436,4474 2461,4474 2486,4474 2511,4473 2536,4472 2561,4472 2586,4474 2611,4474 2637,4474 2662,4474 2687,4474 2712,4475 2737,4476 2762,4476 2787,4476 2812,4477 2837,4478 2862,4478 2888,4478"/>
                <TextEquiv>
                    <Unicode>h. Doese, Aufhebung</Unicode>
                </TextEquiv>
            </TextLine>
            <TextLine id="rGAno_11l2" custom="readingOrder {index:1;}">
                <Coords points="2387,4586 2437,4562 2605,4571 2630,4552 2689,4578 2831,4580 2878,4568 2879,4525 2817,4502 2705,4525 2581,4514 2538,4489 2432,4521 2388,4508"/>
                <Baseline points="2402,4548 2427,4548 2453,4546 2479,4546 2504,4546 2530,4546 2556,4548 2581,4548 2607,4548 2633,4548 2658,4548 2684,4550 2710,4550 2735,4550 2761,4550 2787,4552 2812,4552 2838,4552 2864,4554"/>
                <TextEquiv>
                    <Unicode>der Bürgerrechtsbe¬</Unicode>
                </TextEquiv>
            </TextLine>
            <TextLine id="rGAno_11l3" custom="readingOrder {index:2;}">
                <Coords points="2404,4652 2441,4646 2478,4667 2528,4640 2568,4655 2612,4646 2631,4661 2665,4640 2758,4643 2758,4565 2724,4546 2699,4568 2628,4553 2404,4559"/>
                <Baseline points="2420,4602 2447,4600 2474,4600 2501,4599 2528,4598 2555,4598 2582,4598 2609,4598 2636,4598 2663,4600 2690,4600 2717,4600 2744,4602"/>
                <TextEquiv>
                    <Unicode>willigung.</Unicode>
                </TextEquiv>
            </TextLine>
            <TextEquiv>
                <Unicode>h. Doese, Aufhebungder Bürgerrechtsbe¬willigung.</Unicode>
            </TextEquiv>
        </TextRegion>
        <TextRegion orientation="0.0" id="rpGJ0_1" custom="readingOrder {index:35;} structure {type:Beschlussnummer;}">
            <Coords points="2594,4636 2739,4636 2739,4743 2594,4743"/>
            <TextLine id="rpGJ0_1l1" custom="readingOrder {index:0;}">
                <Coords points="2624,4736 2639,4736 2658,4745 2683,4742 2711,4717 2736,4717 2736,4646 2711,4646 2701,4640 2692,4649 2683,4640 2664,4640 2646,4655 2639,4649 2624,4649"/>
                <Baseline points="2640,4706 2666,4708 2693,4708 2720,4706"/>
                <TextEquiv>
                    <Unicode>3</Unicode>
                </TextEquiv>
            </TextLine>
            <TextEquiv>
                <Unicode>3</Unicode>
            </TextEquiv>
        </TextRegion>
    </Page>
</PcGts>
